Id,WnvPresent
0,0.10095238095238095
1,0.0
2,0.0
3,0.0
4,0.0013719299580306084
5,0.07172791221815403
6,0.22806192118176527
7,0.050296064089167536
8,0.11387616819069155
9,0.6297732186786903
10,0.04341541828451543
11,0.0
12,0.0
13,0.0005602240896358543
14,0.3834368753879894
15,0.0
16,0.42077056727653195
17,0.0
18,0.6576083174514297
19,0.734130875764874
20,0.5757211781878093
21,0.0
22,0.9441650729168544
23,0.32829905769352064
24,0.3956924671193034
25,0.5009297886785954
26,0.35175642638819776
27,0.0
28,0.5554151915722881
29,0.0
30,0.0
31,0.20800554565260448
32,0.0
33,0.0013719299580306084
34,0.0
35,0.0
36,0.0
37,0.6372106890148144
38,0.0
39,0.11078064551436667
40,0.2308413937084592
41,0.0020833333333333333
42,0.013686868686868687
43,0.0
44,0.0
45,0.0020833333333333333
46,0.0005602240896358543
47,0.2837498683519397
48,0.2943972008721547
49,0.04444444444444444
50,0.8393676707509921
51,0.0
52,0.0
53,0.05801659583080348
54,0.0
55,0.10285341056849819
56,0.0
57,0.21525148356519572
58,0.0
59,0.0
60,0.09895976172571917
61,0.0
62,0.2341807567757907
63,0.32169713313798814
64,0.10436213397281249
65,0.0
66,0.9019492948686688
67,0.07560319130384457
68,0.6186893573479091
69,0.0
70,0.14356399740062287
71,0.22507981119941078
72,0.0
73,0.0
74,0.652108000609076
75,0.032144786601836846
76,0.2741411218770565
77,0.0
78,0.0
79,0.3846254473278078
80,0.17269792984650872
81,0.17503640831174655
82,0.6274546728478639
83,0.0
84,0.0
85,0.0
86,0.07446188782081359
87,0.4197840136596387
88,0.0
89,0.6138594072272995
90,0.0
91,0.540116450664509
92,0.1551495041689396
93,0.1851079543850071
94,0.575354830142269
95,0.3041030447015697
96,0.0
97,0.20050908128655523
98,0.043835616438356165
99,0.7800372043397662
100,0.8838908760652264
101,0.0
102,0.0
103,0.0
104,0.0
105,0.21525148356519572
106,0.66665577361546
107,0.01724353620178488
108,0.0
109,0.0
110,0.2640369407515327
111,0.6285680811706592
112,0.0
113,0.11555777823177249
114,0.0
115,0.347958320679121
116,0.31300927978255216
117,0.0
118,0.04851383422088447
119,0.8577191443300871
120,0.7921369715287646
121,0.00032206119162640903
122,0.0
123,0.0
124,0.0
125,0.49679159225745273
126,0.6825668690117083
127,0.0
128,0.09922838599309187
129,0.8704364084976963
130,0.0
131,0.0
132,0.0783133533133533
133,0.2098983311597921
134,0.0
135,0.21960688260359212
136,0.6339319963675994
137,0.38498696189753034
138,0.1592355237825854
139,0.4252537232306448
140,0.0
141,0.0
142,0.711748782172194
143,0.608985785619457
144,0.8471402616963132
145,0.0
146,0.5247393346564944
147,0.6111098097904851
148,0.0
149,0.0
150,0.7586867648281058
151,0.0
152,0.014814814814814814
153,0.0
154,0.29312899317527663
155,0.7960793247389708
156,0.16304713804713802
157,0.0
158,0.46048145502048443
159,0.08409087965391514
160,0.2730021479871981
161,0.10436213397281249
162,0.0
163,0.0
164,0.734130875764874
165,0.3896345500185154
166,0.5307128368056098
167,0.5060372947055103
168,0.0
169,0.2017059356012395
170,0.0
171,0.3834368753879894
172,0.30700184143408626
173,0.0
174,0.30700184143408626
175,0.0
176,0.6923280633960793
177,0.3896345500185154
178,0.821342824681854
179,0.8045889601187248
180,0.29604218793709497
181,0.00032206119162640903
182,0.49119694694328125
183,0.6576083174514297
184,0.0
185,0.5052241744994819
186,0.0648709315375982
187,0.460693549005898
188,0.0005602240896358543
189,0.0
190,0.02222222222222222
191,0.0
192,0.0
193,0.05197740112994351
194,0.0
195,0.009139784946236558
196,0.49457288731063076
197,0.059375380865326025
198,0.02222222222222222
199,0.050296064089167536
200,0.0
201,0.6345110098559082
202,0.7920481667776185
203,0.11668347224650774
204,0.6138594072272995
205,0.35657078932987724
206,0.5709352393778927
207,0.0319934952114586
208,0.009139784946236558
209,0.001374570446735395
210,0.0005602240896358543
211,0.32294634998200317
212,0.5228308547386338
213,0.0
214,0.23321502463403937
215,0.0
216,0.46751033081718946
217,0.6572964983842066
218,0.41528740715130713
219,0.0
220,0.027534907999478008
221,0.0
222,0.0648709315375982
223,0.21510463840428815
224,0.0
225,0.0
226,0.0
227,0.4105869447031779
228,0.0
229,0.0
230,0.07446188782081359
231,0.0
232,0.0
233,0.0
234,0.24555852782513313
235,0.228225339382436
236,0.07324067701279575
237,0.043835616438356165
238,0.0020833333333333333
239,0.058093403956844404
240,0.3942546648290893
241,0.0
242,0.5111308082777241
243,0.0005602240896358543
244,0.1489954974936151
245,0.16825020330712928
246,0.032144786601836846
247,0.12432119784347699
248,0.7230495562880023
249,0.07446188782081359
250,0.35175642638819776
251,0.5421814311022762
252,0.0013719299580306084
253,0.005555555555555555
254,0.822758148189929
255,0.0
256,0.5632134370038135
257,0.6361598204763167
258,0.15194368168147973
259,0.23246291203535593
260,0.2989487809303463
261,0.0
262,0.0
263,0.3471026786574981
264,0.09388905825350703
265,0.0
266,0.24727197507193488
267,0.0
268,0.3905183184813563
269,0.06452408441522742
270,0.7847305147442085
271,0.737869347197766
272,0.24578424275904015
273,0.7849039798215465
274,0.0
275,0.0
276,0.01818181818181818
277,0.36588647892306614
278,0.22784033144674284
279,0.592847660179006
280,0.019858156028368792
281,0.0
282,0.0
283,0.575354830142269
284,0.0
285,0.0
286,0.2577085748027748
287,0.015300546448087432
288,0.0
289,0.0
290,0.8460344033773695
291,0.3471026786574981
292,0.8704364084976963
293,0.40221205815857364
294,0.3170841044224926
295,0.0
296,0.252319062578586
297,0.0
298,0.7300262664010251
299,0.008187134502923975
300,0.7615259602215418
301,0.0019321540476664627
302,0.0
303,0.33749146513739586
304,0.7382758490671921
305,0.0
306,0.0
307,0.8591867872175469
308,0.0
309,0.0
310,0.025942529512881948
311,0.0
312,0.6984719833233325
313,0.48821620949291683
314,0.2341807567757907
315,0.2043875152099591
316,0.7980866346549991
317,0.14388840453356583
318,0.009104057242901727
319,0.01590909090909091
320,0.0
321,0.0
322,0.13323152137755476
323,0.023445340501792113
324,0.0
325,0.10846075433231397
326,0.0
327,0.1647164790021933
328,0.0
329,0.7856778630274653
330,0.0
331,0.7800926609500998
332,0.0
333,0.7147314493979698
334,0.0
335,0.6969267574420861
336,0.0
337,0.42816658210075453
338,0.351050764029847
339,0.32757184043792953
340,0.0
341,0.10266121491966353
342,0.0
343,0.8269785643392776
344,0.0
345,0.8151904708173584
346,0.0
347,0.0
348,0.0
349,0.25001766559892125
350,0.40592108752667233
351,0.339031720964195
352,0.0
353,0.3496280096103645
354,0.0
355,0.7572014078329623
356,0.08496878708146313
357,0.0060285829307568425
358,0.0
359,0.0
360,0.6919672093722331
361,0.31795878066114114
362,0.0
363,0.0
364,0.49509693096083096
365,0.0
366,0.6532172369978185
367,0.6135693177358839
368,0.07446188782081359
369,0.0
370,0.411371040607465
371,0.0
372,0.6931199049318799
373,0.00784313725490196
374,0.021681941998886334
375,0.0
376,0.0
377,0.0
378,0.0005602240896358543
379,0.015300546448087432
380,0.15941173158461452
381,0.8418405784571695
382,0.01924580472921434
383,0.4062696621900444
384,0.0
385,0.7732225680527619
386,0.09771427827435764
387,0.6576083174514297
388,0.5383009232848573
389,0.4150341396904526
390,0.015300546448087432
391,0.0005602240896358543
392,0.12767586610816664
393,0.07324067701279575
394,0.043835616438356165
395,0.0
396,0.5634582589241195
397,0.0
398,0.0
399,0.8105564985595303
400,0.7404095280181608
401,0.0
402,0.07446188782081359
403,0.22326370277612995
404,0.8844437508971467
405,0.0
406,0.0
407,0.0
408,0.2837498683519397
409,0.7726461142541472
410,0.012228260869565218
411,0.7867886908317137
412,0.5145747113651588
413,0.3471026786574981
414,0.32441749347231297
415,0.0
416,0.6576083174514297
417,0.0
418,0.0
419,0.39258326720304365
420,0.0
421,0.0
422,0.7613538997520227
423,0.0
424,0.4674315554510259
425,0.24134919371595961
426,0.15537843562909515
427,0.0
428,0.0
429,0.7318265071578021
430,0.34176482136490643
431,0.0
432,0.6559964975552087
433,0.11004966858764688
434,0.7345715728081336
435,0.07446188782081359
436,0.0
437,0.0
438,0.619115457024479
439,0.4713088433015559
440,0.10266121491966353
441,0.0
442,0.0
443,0.3514200618718973
444,0.0
445,0.07324067701279575
446,0.0
447,0.14510881629973751
448,0.0
449,0.729477458142639
450,0.0
451,0.0
452,0.3896345500185154
453,0.21428327125257668
454,0.06821317018809663
455,0.4066833541637317
456,0.6865505670590173
457,0.026923076923076925
458,0.775557846615192
459,0.0
460,0.0
461,0.043359739872864886
462,0.0833501389131744
463,0.7615259602215418
464,0.734130875764874
465,0.0
466,0.0019321540476664627
467,0.0005602240896358543
468,0.0
469,0.01818181818181818
470,0.0
471,0.0
472,0.0
473,0.43597766509389824
474,0.0
475,0.8494204041669351
476,0.0
477,0.0
478,0.0
479,0.0
480,0.4212173786561209
481,0.39732547783914146
482,0.742667100501054
483,0.2607161510575956
484,0.0
485,0.0060285829307568425
486,0.46593056235739866
487,0.0
488,0.1763174298892834
489,0.49992873079456945
490,0.0
491,0.2148506586537147
492,0.05698324022346369
493,0.0
494,0.0
495,0.01590909090909091
496,0.5907629883983299
497,0.8181855618068506
498,0.6886058925569316
499,0.2158818455978699
500,0.0
501,0.0
502,0.22459293077451406
503,0.0
504,0.0
505,0.0
506,0.43817315159972964
507,0.4399045319435614
508,0.0
509,0.021681941998886334
510,0.0
511,0.43903692736408456
512,0.24289375998795998
513,0.7921369715287646
514,0.7147314493979698
515,0.23748254260784263
516,0.8249650689609418
517,0.6728599814511165
518,0.04901960784313726
519,0.05698324022346369
520,0.0
521,0.14996626221803494
522,0.22459293077451406
523,0.411371040607465
524,0.4197840136596387
525,0.08409087965391514
526,0.0
527,0.1591503267973856
528,0.6812194890074914
529,0.2972222962737707
530,0.010144927536231885
531,0.06073632250102838
532,0.3461360851451731
533,0.7849039798215465
534,0.1763174298892834
535,0.0005602240896358543
536,0.0
537,0.0
538,0.0
539,0.0
540,0.0
541,0.3471026786574981
542,0.7300262664010251
543,0.0
544,0.0
545,0.8322978730712546
546,0.08670243570954059
547,0.4887485249056215
548,0.0
549,0.7793658108106499
550,0.22706347943024532
551,0.0
552,0.5009297886785954
553,0.2567413701409533
554,0.0
555,0.38200623588186094
556,0.729477458142639
557,0.0
558,0.2941276692486558
559,0.729477458142639
560,0.0019321540476664627
561,0.0
562,0.050902684071459064
563,0.0
564,0.7615259602215418
565,0.0
566,0.07324067701279575
567,0.8245969622776868
568,0.0
569,0.30700184143408626
570,0.0
571,0.0
572,0.0
573,0.2640369407515327
574,0.29633517476741955
575,0.6931199049318799
576,0.009687730800431029
577,0.22706347943024532
578,0.0
579,0.0
580,0.0012121212121212121
581,0.3461360851451731
582,0.0005602240896358543
583,0.7848037077378002
584,0.0005602240896358543
585,0.0
586,0.0
587,0.0
588,0.060954477168710476
589,0.6673130801138515
590,0.17638591357350547
591,0.2640369407515327
592,0.0
593,0.24203394403857573
594,0.11913163614712244
595,0.14255307710531592
596,0.411371040607465
597,0.3896345500185154
598,0.11387616819069155
599,0.0
600,0.05759794073329985
601,0.5125269378304652
602,0.3896345500185154
603,0.08853060612301548
604,0.0
605,0.7856778630274653
606,0.0
607,0.0
608,0.0
609,0.3931774166967107
610,0.6531442243044864
611,0.819641302229207
612,0.6135693177358839
613,0.0
614,0.6351147818607376
615,0.12606604063522753
616,0.0
617,0.0
618,0.0
619,0.3551526103822441
620,0.0
621,0.4350310421027698
622,0.0005602240896358543
623,0.0
624,0.0
625,0.0
626,0.8559349398816882
627,0.2567413701409533
628,0.009139784946236558
629,0.462475752600125
630,0.0
631,0.0
632,0.5056550085294459
633,0.31389159086606483
634,0.11133259505352529
635,0.25426336741895667
636,0.2098983311597921
637,0.0
638,0.2702925029311724
639,0.08487983685476327
640,0.0
641,0.26944055986823945
642,0.0
643,0.8270242589202369
644,0.0
645,0.30864225020005986
646,0.0019321540476664627
647,0.23845802818372916
648,0.8322978730712546
649,0.7921369715287646
650,0.08028980278980279
651,0.0
652,0.3834368753879894
653,0.22459293077451406
654,0.0
655,0.07446188782081359
656,0.027534907999478008
657,0.3734209669308992
658,0.0
659,0.7015759831210783
660,0.03890105429646722
661,0.17638591357350547
662,0.0
663,0.5055810555838464
664,0.0019321540476664627
665,0.11941873915558125
666,0.7430205867141536
667,0.45126572980864615
668,0.0
669,0.0
670,0.4330561925354022
671,0.0
672,0.0
673,0.0
674,0.6345110098559082
675,0.7771050216393666
676,0.0
677,0.23490062232091746
678,0.0
679,0.2730021479871981
680,0.6982804676180516
681,0.056862745098039215
682,0.0
683,0.8460344033773695
684,0.8045889601187248
685,0.1080430585784725
686,0.5265363586801854
687,0.5809829534428701
688,0.776122147563696
689,0.0
690,0.05796669116734443
691,0.0
692,0.43819676979403094
693,0.0
694,0.3834368753879894
695,0.0910258912774118
696,0.05801659583080348
697,0.36090203551898087
698,0.799615844150189
699,0.0
700,0.0
701,0.32829905769352064
702,0.0
703,0.35907349214890044
704,0.0
705,0.6919672093722331
706,0.4143816200121263
707,0.3986167610322862
708,0.0
709,0.3471026786574981
710,0.7019168550274814
711,0.2869819723831627
712,0.8309494201470291
713,0.2043875152099591
714,0.0
715,0.0
716,0.7850260069902374
717,0.056862745098039215
718,0.880806766778781
719,0.09671207740727308
720,0.6967697021003668
721,0.7981284686759517
722,0.3979135607812701
723,0.20388309203809563
724,0.0
725,0.2043875152099591
726,0.7007706318774404
727,0.0
728,0.047822670596404146
729,0.0
730,0.38498696189753034
731,0.5543088118704037
732,0.0
733,0.6907669557737812
734,0.0
735,0.0
736,0.8825761080908823
737,0.49992873079456945
738,0.007880434782608695
739,0.799615844150189
740,0.15194368168147973
741,0.411371040607465
742,0.0
743,0.0319934952114586
744,0.2308413937084592
745,0.17269792984650872
746,0.0
747,0.6186893573479091
748,0.0
749,0.05297033567525371
750,0.0
751,0.06966592838685862
752,0.0
753,0.2543297384733975
754,0.0
755,0.6243170381006254
756,0.20238071385181797
757,0.7803575922535703
758,0.33575048881151964
759,0.07446188782081359
760,0.4240581257801772
761,0.07712875101077363
762,0.5056550085294459
763,0.0
764,0.0
765,0.734130875764874
766,0.0019321540476664627
767,0.4641117223537785
768,0.729477458142639
769,0.7921369715287646
770,0.22182822766397267
771,0.5265363586801854
772,0.0
773,0.0
774,0.0
775,0.0
776,0.0
777,0.0
778,0.31795878066114114
779,0.8461003674644605
780,0.0
781,0.608985785619457
782,0.10110534544483611
783,0.1734073078900665
784,0.02164145424406474
785,0.009139784946236558
786,0.4407556341910535
787,0.0
788,0.02222222222222222
789,0.5438314004144887
790,0.294175837209634
791,0.5194826192676419
792,0.08240591239227996
793,0.23127673530486426
794,0.0
795,0.0
796,0.0
797,0.0005602240896358543
798,0.0
799,0.0
800,0.44030733492851193
801,0.042247289546499325
802,0.39771416548758093
803,0.0
804,0.2555440417020433
805,0.0
806,0.0
807,0.0
808,0.690476921921761
809,0.8843382180282942
810,0.005555555555555555
811,0.0
812,0.0
813,0.0
814,0.00784313725490196
815,0.9158331199571565
816,0.8322978730712546
817,0.0
818,0.7430205867141536
819,0.15194368168147973
820,0.0
821,0.01818181818181818
822,0.08586628752109894
823,0.0
824,0.04320844848248663
825,0.0
826,0.5009297886785954
827,0.36594985689664067
828,0.6681209360584364
829,0.0
830,0.07560319130384457
831,0.0005602240896358543
832,0.690476921921761
833,0.0
834,0.0
835,0.0
836,0.0
837,0.26944055986823945
838,0.0
839,0.7147314493979698
840,0.0
841,0.8460344033773695
842,0.35554404170204335
843,0.0
844,0.0
845,0.0
846,0.0
847,0.0
848,0.0971463899998068
849,0.1061403627160451
850,0.6999347272278158
851,0.6530965697657828
852,0.8045889601187248
853,0.0
854,0.0
855,0.18720945117231688
856,0.9158331199571565
857,0.8373594718743839
858,0.0
859,0.7652580434569344
860,0.00032206119162640903
861,0.03852702520095953
862,0.0
863,0.7722736805862834
864,0.035416666666666666
865,0.0
866,0.5927363605371319
867,0.3471026786574981
868,0.447897462376672
869,0.0
870,0.35066360217885245
871,0.0
872,0.07324067701279575
873,0.2640369407515327
874,0.8084155838849284
875,0.047822670596404146
876,0.880580891845337
877,0.0
878,0.49992873079456945
879,0.0013719299580306084
880,0.0020833333333333333
881,0.0
882,0.18217344680367684
883,0.7506263313556011
884,0.0
885,0.7615259602215418
886,0.0
887,0.0
888,0.5486330462556863
889,0.05891395621316599
890,0.5737598599973482
891,0.3896345500185154
892,0.1591503267973856
893,0.42843026429416425
894,0.0
895,0.0
896,0.23491693640144817
897,0.0
898,0.7007706318774404
899,0.0
900,0.01242707448314925
901,0.5543088118704037
902,0.411371040607465
903,0.6248870485615963
904,0.20050908128655523
905,0.3496280096103645
906,0.1592355237825854
907,0.0
908,0.16825020330712928
909,0.0
910,0.0
911,0.0
912,0.20050908128655523
913,0.5056550085294459
914,0.8393676707509921
915,0.15839604603194637
916,0.5144093414013975
917,0.7403320166451542
918,0.0019321540476664627
919,0.047822670596404146
920,0.12432119784347699
921,0.08853060612301548
922,0.0
923,0.8188034455929636
924,0.707422403018721
925,0.7709939844380937
926,0.22276371489980265
927,0.0
928,0.32829905769352064
929,0.4748264010482951
930,0.7428340045228664
931,0.0
932,0.0
933,0.6681209360584364
934,0.07752940198645224
935,0.6013886323978894
936,0.7015759831210783
937,0.0
938,0.010144927536231885
939,0.0
940,0.5209051255367232
941,0.7445032772111226
942,0.8206012301161419
943,0.3896345500185154
944,0.3461360851451731
945,0.0
946,0.7403320166451542
947,0.506757235793546
948,0.2035418805465122
949,0.0
950,0.6958403039510611
951,0.3963076466991098
952,0.0005602240896358543
953,0.005797101449275362
954,0.37277959450922826
955,0.0
956,0.0
957,0.0
958,0.0
959,0.0
960,0.710316878711155
961,0.5228308547386338
962,0.0
963,0.11549680478251906
964,0.0
965,0.15194368168147973
966,0.13797733697162187
967,0.09208637783729516
968,0.7065454142655341
969,0.7960793247389708
970,0.5056550085294459
971,0.8055635288456809
972,0.608985785619457
973,0.15194368168147973
974,0.0
975,0.880806766778781
976,0.08384451080419725
977,0.10477066695445716
978,0.02222222222222222
979,0.17269792984650872
980,0.4240581257801772
981,0.3846254473278078
982,0.0
983,0.10406394563615855
984,0.0
985,0.0
986,0.0
987,0.0
988,0.8300085221890008
989,0.0
990,0.8655415353468634
991,0.6884919563523184
992,0.0
993,0.24298113859096304
994,0.046940486739421076
995,0.43010632498462953
996,0.758127847196955
997,0.8832131078246462
998,0.07446188782081359
999,0.0
1000,0.0
1001,0.046940486739421076
1002,0.0
1003,0.04851383422088447
1004,0.5307128368056098
1005,0.7146078373068838
1006,0.22459293077451406
1007,0.0
1008,0.0
1009,0.32464070083154806
1010,0.10589505265975856
1011,0.0
1012,0.0
1013,0.0
1014,0.5009297886785954
1015,0.00032206119162640903
1016,0.09019293171502363
1017,0.1592355237825854
1018,0.8322978730712546
1019,0.19732601706285915
1020,0.2730021479871981
1021,0.0
1022,0.0
1023,0.6920650774083277
1024,0.027789943185356113
1025,0.0
1026,0.2741411218770565
1027,0.059375380865326025
1028,0.0
1029,0.5294900088032806
1030,0.7051348086636611
1031,0.11844128771834045
1032,0.11086666672459392
1033,0.0
1034,0.0
1035,0.0
1036,0.6514784580257891
1037,0.35066360217885245
1038,0.23010223084517126
1039,0.09367283043753633
1040,0.6762475466957397
1041,0.43819676979403094
1042,0.38561860240105694
1043,0.0
1044,0.07408496732026144
1045,0.2730021479871981
1046,0.0
1047,0.33716378148716775
1048,0.1489954974936151
1049,0.0
1050,0.0
1051,0.0
1052,0.05168347224650774
1053,0.0
1054,0.711748782172194
1055,0.14096489170380797
1056,0.0060285829307568425
1057,0.25538975478849335
1058,0.0
1059,0.5228308547386338
1060,0.0
1061,0.2932826381327537
1062,0.01724353620178488
1063,0.0013719299580306084
1064,0.0
1065,0.0020833333333333333
1066,0.14608540582224794
1067,0.060363699674652826
1068,0.6673130801138515
1069,0.7430205867141536
1070,0.0
1071,0.0
1072,0.8266770850304584
1073,0.0
1074,0.2741411218770565
1075,0.36594985689664067
1076,0.3931774166967107
1077,0.0
1078,0.0
1079,0.4119253443456776
1080,0.8704364084976963
1081,0.0
1082,0.050296064089167536
1083,0.4825396166275016
1084,0.0039452495974235105
1085,0.0
1086,0.07712875101077363
1087,0.7185679009931576
1088,0.0
1089,0.6565708147381341
1090,0.6013886323978894
1091,0.0
1092,0.0
1093,0.0
1094,0.3968017439931352
1095,0.734130875764874
1096,0.1080430585784725
1097,0.0019321540476664627
1098,0.0498746432700562
1099,0.6564504003375408
1100,0.3426439977953787
1101,0.013430623798333688
1102,0.5228308547386338
1103,0.047822670596404146
1104,0.0
1105,0.5056550085294459
1106,0.0
1107,0.5337370008281234
1108,0.0
1109,0.06966592838685862
1110,0.0
1111,0.7984322290591166
1112,0.8300085221890008
1113,0.5042160591072021
1114,0.2417210743597438
1115,0.09905077959831393
1116,0.4091976067614665
1117,0.8832131078246462
1118,0.0
1119,0.0
1120,0.25622718686066653
1121,0.0
1122,0.0
1123,0.3886858554222798
1124,0.347765059157878
1125,0.22459293077451406
1126,0.0
1127,0.0
1128,0.0
1129,0.720616333307143
1130,0.20800554565260448
1131,0.7147314493979698
1132,0.6671981207022825
1133,0.7981284686759517
1134,0.8494204041669351
1135,0.7921369715287646
1136,0.0
1137,0.0
1138,0.0
1139,0.0
1140,0.09560319130384458
1141,0.0005602240896358543
1142,0.004797979797979798
1143,0.0
1144,0.0
1145,0.08102382505513621
1146,0.11913163614712244
1147,0.31389159086606483
1148,0.0
1149,0.14388840453356583
1150,0.8373594718743839
1151,0.0
1152,0.0131471073186945
1153,0.0005602240896358543
1154,0.0
1155,0.5195856175966894
1156,0.41162915289061375
1157,0.023445340501792113
1158,0.2837498683519397
1159,0.0
1160,0.2319034998460392
1161,0.0
1162,0.8460344033773695
1163,0.6967697021003668
1164,0.0
1165,0.711748782172194
1166,0.0
1167,0.0
1168,0.35081871585955676
1169,0.2441748015174653
1170,0.4200171946003794
1171,0.0
1172,0.596189357347909
1173,0.0
1174,0.05784379713995603
1175,0.3471026786574981
1176,0.16825020330712928
1177,0.20050908128655523
1178,0.046940486739421076
1179,0.0
1180,0.3886858554222798
1181,0.0
1182,0.0
1183,0.267194712617799
1184,0.0005602240896358543
1185,0.0
1186,0.0
1187,0.1356635802469136
1188,0.0
1189,0.0
1190,0.49426393959619663
1191,0.0
1192,0.0
1193,0.0
1194,0.0
1195,0.25025378652778324
1196,0.2972222962737707
1197,0.09671207740727308
1198,0.0
1199,0.22459293077451406
1200,0.0
1201,0.3931774166967107
1202,0.35554404170204335
1203,0.22459293077451406
1204,0.15194368168147973
1205,0.0
1206,0.0
1207,0.35175642638819776
1208,0.0
1209,0.0
1210,0.39957229287272533
1211,0.24599640514006416
1212,0.0005602240896358543
1213,0.0
1214,0.25707124009743204
1215,0.047822670596404146
1216,0.0
1217,0.4521836727917971
1218,0.0
1219,0.592847660179006
1220,0.006896551724137931
1221,0.043359739872864886
1222,0.8347629431113169
1223,0.3424218067767766
1224,0.3170841044224926
1225,0.5021965197619722
1226,0.24555852782513313
1227,0.15194368168147973
1228,0.011499216368313504
1229,0.33524019936682337
1230,0.11387616819069155
1231,0.0
1232,0.38498696189753034
1233,0.11387616819069155
1234,0.0
1235,0.33524019936682337
1236,0.0
1237,0.040108024691358025
1238,0.36588647892306614
1239,0.2997596182555021
1240,0.0
1241,0.0
1242,0.0
1243,0.5419075494507521
1244,0.0742982250371413
1245,0.0
1246,0.7970090851724033
1247,0.0
1248,0.005850011502185415
1249,0.5640145438417097
1250,0.8310915703375787
1251,0.11133259505352529
1252,0.43430325158588406
1253,0.0
1254,0.2553089168667265
1255,0.0
1256,0.6920650774083277
1257,0.4592037213021296
1258,0.8400128771500136
1259,0.008888888888888889
1260,0.02059815537076557
1261,0.02222222222222222
1262,0.5009297886785954
1263,0.00784313725490196
1264,0.0
1265,0.734130875764874
1266,0.44889380927777467
1267,0.29633517476741955
1268,0.6671981207022825
1269,0.32169713313798814
1270,0.0
1271,0.0
1272,0.294175837209634
1273,0.2308413937084592
1274,0.8614939166363381
1275,0.0
1276,0.5307128368056098
1277,0.0
1278,0.0
1279,0.0
1280,0.15194368168147973
1281,0.0
1282,0.12606604063522753
1283,0.32385303580574676
1284,0.019095388053636735
1285,0.7673137045566878
1286,0.24289375998795998
1287,0.05796669116734443
1288,0.0
1289,0.20050908128655523
1290,0.009687730800431029
1291,0.04851383422088447
1292,0.0131471073186945
1293,0.2362978232362089
1294,0.8393676707509921
1295,0.23010223084517126
1296,0.0
1297,0.0
1298,0.0
1299,0.5829541967202481
1300,0.8393676707509921
1301,0.40914638591512364
1302,0.0
1303,0.0
1304,0.0
1305,0.7318265071578021
1306,0.2555440417020433
1307,0.4105740157224421
1308,0.294175837209634
1309,0.6490431109444554
1310,0.38200623588186094
1311,0.6877746122254662
1312,0.03137254901960784
1313,0.00784313725490196
1314,0.6085742161174188
1315,0.7981284686759517
1316,0.3170841044224926
1317,0.0
1318,0.711748782172194
1319,0.5596367404717352
1320,0.7571435885884277
1321,0.0
1322,0.7556467579395645
1323,0.3170841044224926
1324,0.8010909688194882
1325,0.6087529305456828
1326,0.0
1327,0.10720568247163992
1328,0.0
1329,0.01143317230273752
1330,0.6072123247311707
1331,0.411371040607465
1332,0.0
1333,0.0
1334,0.0
1335,0.0
1336,0.042308011623080115
1337,0.0
1338,0.0
1339,0.0
1340,0.3471026786574981
1341,0.22478394154864742
1342,0.0
1343,0.0
1344,0.411371040607465
1345,0.00784313725490196
1346,0.6673130801138515
1347,0.22478394154864742
1348,0.47050978426465845
1349,0.0
1350,0.35066360217885245
1351,0.2730021479871981
1352,0.0
1353,0.0
1354,0.8704364084976963
1355,0.711748782172194
1356,0.008888888888888889
1357,0.38200623588186094
1358,0.25426336741895667
1359,0.6135693177358839
1360,0.411371040607465
1361,0.00032206119162640903
1362,0.0
1363,0.7722736805862834
1364,0.0
1365,0.3396636004687705
1366,0.0
1367,0.009687730800431029
1368,0.7099110964422292
1369,0.38609996769631677
1370,0.08102382505513621
1371,0.24355017903564463
1372,0.0
1373,0.0
1374,0.729477458142639
1375,0.0
1376,0.3461360851451731
1377,0.5228308547386338
1378,0.0
1379,0.0
1380,0.38498696189753034
1381,0.0
1382,0.15759402644828502
1383,0.22459293077451406
1384,0.0
1385,0.023445340501792113
1386,0.22459293077451406
1387,0.3846254473278078
1388,0.8028609690055152
1389,0.0
1390,0.0
1391,0.0319934952114586
1392,0.411371040607465
1393,0.15194368168147973
1394,0.21450699811340948
1395,0.0
1396,0.9163285082548793
1397,0.4376494505880306
1398,0.0
1399,0.015300546448087432
1400,0.3896345500185154
1401,0.3511999864331404
1402,0.18387147032531287
1403,0.44506148575666626
1404,0.17638591357350547
1405,0.0
1406,0.1593435808165408
1407,0.0
1408,0.07446188782081359
1409,0.2341807567757907
1410,0.0
1411,0.0
1412,0.0
1413,0.3276656259067328
1414,0.6967697021003668
1415,0.0
1416,0.0
1417,0.07446188782081359
1418,0.8007415970609473
1419,0.0
1420,0.059375380865326025
1421,0.0
1422,0.05801659583080348
1423,0.5071822655832404
1424,0.15194368168147973
1425,0.0
1426,0.0
1427,0.0
1428,0.0
1429,0.2605436430879322
1430,0.08739048693027542
1431,0.0
1432,0.0
1433,0.5543088118704037
1434,0.14510881629973751
1435,0.23797431170863342
1436,0.6261180757665417
1437,0.0
1438,0.711748782172194
1439,0.0
1440,0.6554610870132004
1441,0.0
1442,0.5295471765012014
1443,0.10285341056849819
1444,0.0
1445,0.0
1446,0.0
1447,0.7149464119237608
1448,0.0
1449,0.15194368168147973
1450,0.0
1451,0.5972219657312228
1452,0.05048160173160173
1453,0.0
1454,0.0
1455,0.0
1456,0.7860023203135875
1457,0.11086666672459392
1458,0.10110534544483611
1459,0.8461003674644605
1460,0.032144786601836846
1461,0.17638591357350547
1462,0.8209812816158866
1463,0.0
1464,0.6135693177358839
1465,0.3461360851451731
1466,0.010144927536231885
1467,0.0
1468,0.0
1469,0.6496208633869146
1470,0.7378262122087607
1471,0.0005602240896358543
1472,0.3699319694268496
1473,0.0
1474,0.03058503057691139
1475,0.0
1476,0.0
1477,0.8297725698025389
1478,0.5056550085294459
1479,0.0
1480,0.6949653171382373
1481,0.016299316291197102
1482,0.0
1483,0.0
1484,0.17564179818657924
1485,0.6284628542939747
1486,0.0
1487,0.0
1488,0.0
1489,0.04851383422088447
1490,0.016666666666666666
1491,0.0020833333333333333
1492,0.22127753096933908
1493,0.20363573322359893
1494,0.0
1495,0.0
1496,0.0
1497,0.3170841044224926
1498,0.7837218814517358
1499,0.0
1500,0.6072123247311707
1501,0.0
1502,0.7830526274427198
1503,0.2441748015174653
1504,0.1591503267973856
1505,0.0
1506,0.0
1507,0.09388905825350703
1508,0.04090641757481405
1509,0.14510881629973751
1510,0.0
1511,0.0
1512,0.0
1513,0.7501095504197898
1514,0.0
1515,0.0
1516,0.1592355237825854
1517,0.25025378652778324
1518,0.35175642638819776
1519,0.8031652874751134
1520,0.3248597882555305
1521,0.0742982250371413
1522,0.0
1523,0.0
1524,0.0
1525,0.015300546448087432
1526,0.636680217297436
1527,0.0
1528,0.15097140480803026
1529,0.8757385744353132
1530,0.0
1531,0.6876542957337751
1532,0.3170841044224926
1533,0.0
1534,0.6631337148790467
1535,0.5009297886785954
1536,0.032144786601836846
1537,0.0
1538,0.0
1539,0.2644588905628912
1540,0.3896345500185154
1541,0.1112235807756203
1542,0.0
1543,0.2972222962737707
1544,0.729477458142639
1545,0.025254808343491805
1546,0.4620062936035548
1547,0.0
1548,0.4350310421027698
1549,0.0
1550,0.09131580560151989
1551,0.2741411218770565
1552,0.01722222222222222
1553,0.5829541967202481
1554,0.0
1555,0.0
1556,0.6372106890148144
1557,0.0
1558,0.6982333098382244
1559,0.5247393346564944
1560,0.0
1561,0.0
1562,0.01722222222222222
1563,0.09803921568627452
1564,0.2741411218770565
1565,0.2341807567757907
1566,0.0
1567,0.8115200529518337
1568,0.8704364084976963
1569,0.38641379061949993
1570,0.2043875152099591
1571,0.0
1572,0.0
1573,0.8422902124256719
1574,0.5726333673754235
1575,0.24727197507193488
1576,0.5845061990520924
1577,0.0
1578,0.06046208434410696
1579,0.0
1580,0.23169506593201258
1581,0.7665420676660742
1582,0.0
1583,0.09551909921889562
1584,0.0
1585,0.613874258797561
1586,0.20914399134226144
1587,0.0
1588,0.0
1589,0.5547988849849761
1590,0.23598140870220907
1591,0.7149464119237608
1592,0.2043875152099591
1593,0.49039270191262824
1594,0.15194368168147973
1595,0.04832158590950765
1596,0.00784313725490196
1597,0.04179998384793943
1598,0.5009297886785954
1599,0.8245969622776868
1600,0.6673130801138515
1601,0.0
1602,0.0
1603,0.26501968802799847
1604,0.07446188782081359
1605,0.0
1606,0.3471026786574981
1607,0.3366794106661219
1608,0.0
1609,0.047822670596404146
1610,0.6812194890074914
1611,0.023445340501792113
1612,0.022610327479424614
1613,0.0
1614,0.0013719299580306084
1615,0.0
1616,0.8268893036738221
1617,0.7722736805862834
1618,0.20800554565260448
1619,0.055180766945472824
1620,0.32294634998200317
1621,0.06966592838685862
1622,0.00032206119162640903
1623,0.0
1624,0.0
1625,0.2258169934640523
1626,0.0005602240896358543
1627,0.061586947737077645
1628,0.8646006373888349
1629,0.0
1630,0.6564504003375408
1631,0.7652580434569344
1632,0.3336451988313032
1633,0.07324067701279575
1634,0.0
1635,0.6884919563523184
1636,0.0
1637,0.0
1638,0.5357319744980259
1639,0.6958396659803537
1640,0.0
1641,0.5543088118704037
1642,0.01818181818181818
1643,0.0
1644,0.45882418366411404
1645,0.23598140870220907
1646,0.0
1647,0.0
1648,0.7035818053004756
1649,0.7421392501807041
1650,0.5225354904740706
1651,0.15194368168147973
1652,0.2098983311597921
1653,0.0
1654,0.0
1655,0.23080134049314863
1656,0.8498206740674471
1657,0.6671981207022825
1658,0.0
1659,0.0
1660,0.0
1661,0.0
1662,0.08240591239227996
1663,0.32385303580574676
1664,0.0
1665,0.6967697021003668
1666,0.7652580434569344
1667,0.0
1668,0.7403320166451542
1669,0.13165266106442577
1670,0.0005602240896358543
1671,0.0
1672,0.0
1673,0.1763174298892834
1674,0.3896345500185154
1675,0.0
1676,0.7007706318774404
1677,0.01722222222222222
1678,0.0
1679,0.2741411218770565
1680,0.0
1681,0.7230495562880023
1682,0.6576083174514297
1683,0.423630978727352
1684,0.0
1685,0.24171775102858792
1686,0.029910161878125268
1687,0.7230495562880023
1688,0.0
1689,0.7404095280181608
1690,0.22507981119941078
1691,0.35066360217885245
1692,0.822758148189929
1693,0.38200623588186094
1694,0.6013886323978894
1695,0.060363699674652826
1696,0.33386137928446563
1697,0.0
1698,0.0
1699,0.0
1700,0.5699387984316826
1701,0.8444709005493124
1702,0.8002473256791066
1703,0.0
1704,0.8322978730712546
1705,0.11941873915558125
1706,0.0
1707,0.20063086036770247
1708,0.0
1709,0.39732547783914146
1710,0.2932826381327537
1711,0.42622275877540045
1712,0.6992898032644695
1713,0.04666666666666666
1714,0.22127753096933908
1715,0.0
1716,0.0
1717,0.0
1718,0.19274374246944348
1719,0.0
1720,0.0
1721,0.703012345437602
1722,0.403546529057293
1723,0.35644223388548624
1724,0.6080061897083721
1725,0.6847317012095722
1726,0.5009297886785954
1727,0.21367760251984044
1728,0.0
1729,0.0
1730,0.6607049043717718
1731,0.023445340501792113
1732,0.3170841044224926
1733,0.6117803362857822
1734,0.04851383422088447
1735,0.653866436807439
1736,0.0
1737,0.44030733492851193
1738,0.41162915289061375
1739,0.6514784580257891
1740,0.0
1741,0.0
1742,0.4492553238474972
1743,0.22360744300337904
1744,0.13797733697162187
1745,0.042716049382716045
1746,0.32095327339688245
1747,0.15194368168147973
1748,0.0
1749,0.31447538991751617
1750,0.0
1751,0.4665006709246303
1752,0.49992873079456945
1753,0.2043875152099591
1754,0.004797979797979798
1755,0.21428327125257668
1756,0.4881041361152079
1757,0.47050978426465845
1758,0.0
1759,0.7345715728081336
1760,0.3734209669308992
1761,0.02067099567099567
1762,0.17269792984650872
1763,0.028872071580697104
1764,0.5829541967202481
1765,0.3824654198888051
1766,0.5456396804884422
1767,0.0019321540476664627
1768,0.22784033144674284
1769,0.0
1770,0.0
1771,0.04666666666666666
1772,0.0005602240896358543
1773,0.5056550085294459
1774,0.15194368168147973
1775,0.4150341396904526
1776,0.0
1777,0.5057635976274976
1778,0.7590836670821215
1779,0.6222278349201692
1780,0.11387616819069155
1781,0.04354374760898629
1782,0.0
1783,0.0
1784,0.0
1785,0.734130875764874
1786,0.6285680811706592
1787,0.411371040607465
1788,0.0
1789,0.0
1790,0.0
1791,0.3696657763200683
1792,0.0
1793,0.0
1794,0.0
1795,0.5933285368617212
1796,0.048671952737191417
1797,0.0
1798,0.010833333333333334
1799,0.5964056408059358
1800,0.2577085748027748
1801,0.6762475466957397
1802,0.05991621971742315
1803,0.880580891845337
1804,0.0
1805,0.3905183184813563
1806,0.0
1807,0.6982804676180516
1808,0.3924700273611704
1809,0.007604397467097695
1810,0.3968017439931352
1811,0.3471026786574981
1812,0.0
1813,0.0
1814,0.0
1815,0.4539340716851104
1816,0.0019321540476664627
1817,0.12334464490694726
1818,0.33524019936682337
1819,0.29582095909475287
1820,0.7379572492328366
1821,0.710316878711155
1822,0.15537843562909515
1823,0.06987547139756331
1824,0.0
1825,0.032144786601836846
1826,0.8113107640157927
1827,0.0
1828,0.012586883229058645
1829,0.9360874354491353
1830,0.0005602240896358543
1831,0.25426336741895667
1832,0.045769434998078
1833,0.0
1834,0.0
1835,0.0
1836,0.8181855618068506
1837,0.2741411218770565
1838,0.8494204041669351
1839,0.613874258797561
1840,0.294175837209634
1841,0.0
1842,0.5009297886785954
1843,0.22552838728990354
1844,0.0
1845,0.0
1846,0.010144927536231885
1847,0.023445340501792113
1848,0.42657487190567206
1849,0.15883395357079566
1850,0.0
1851,0.0
1852,0.460693549005898
1853,0.3896345500185154
1854,0.8417419270521651
1855,0.529904453353924
1856,0.24289375998795998
1857,0.38175619439281194
1858,0.03898475697440322
1859,0.0
1860,0.22459293077451406
1861,0.83555703853968
1862,0.0005602240896358543
1863,0.25707124009743204
1864,0.8249650689609418
1865,0.0
1866,0.032144786601836846
1867,0.04253860501899096
1868,0.0039452495974235105
1869,0.5228308547386338
1870,0.0
1871,0.05866245944381063
1872,0.6695266481177831
1873,0.0
1874,0.0
1875,0.0
1876,0.0
1877,0.0475990675990676
1878,0.34367025624819314
1879,0.035416666666666666
1880,0.9360874354491353
1881,0.0019321540476664627
1882,0.734130875764874
1883,0.0
1884,0.0
1885,0.6274546728478639
1886,0.0
1887,0.010144927536231885
1888,0.5009297886785954
1889,0.0
1890,0.001374570446735395
1891,0.13797733697162187
1892,0.03562111801242237
1893,0.3396636004687705
1894,0.3968017439931352
1895,0.0
1896,0.10061078622482131
1897,0.0
1898,0.3886858554222798
1899,0.21510463840428815
1900,0.0
1901,0.01590909090909091
1902,0.6876542957337751
1903,0.0
1904,0.09388905825350703
1905,0.0
1906,0.8249650689609418
1907,0.6135693177358839
1908,0.7376106154924814
1909,0.5056550085294459
1910,0.0
1911,0.4597495949184597
1912,0.0
1913,0.0
1914,0.7404095280181608
1915,0.0
1916,0.9441650729168544
1917,0.16244377770973514
1918,0.0
1919,0.19920627188901285
1920,0.5339281343010011
1921,0.0019321540476664627
1922,0.0
1923,0.0
1924,0.04432412665023489
1925,0.17688863460372223
1926,0.5964056408059358
1927,0.3468435300551323
1928,0.734130875764874
1929,0.0
1930,0.0
1931,0.0
1932,0.12570429053409884
1933,0.734130875764874
1934,0.0
1935,0.282759417191662
1936,0.0005602240896358543
1937,0.0005602240896358543
1938,0.0
1939,0.0005602240896358543
1940,0.0
1941,0.0
1942,0.0
1943,0.0
1944,0.291156462585034
1945,0.2043875152099591
1946,0.6417056027733732
1947,0.6919672093722331
1948,0.03137254901960784
1949,0.0
1950,0.0
1951,0.8151904708173584
1952,0.06258812727191748
1953,0.13378274941023724
1954,0.32385303580574676
1955,0.21220666210927408
1956,0.6678587132519043
1957,0.029813773985361166
1958,0.6576083174514297
1959,0.5217642015457461
1960,0.0
1961,0.3931774166967107
1962,0.294175837209634
1963,0.7722736805862834
1964,0.7224965025369355
1965,0.23598140870220907
1966,0.5109313618469092
1967,0.0
1968,0.5228308547386338
1969,0.0
1970,0.3471026786574981
1971,0.0
1972,0.6013886323978894
1973,0.32701545144376365
1974,0.2941276692486558
1975,0.07474321349963316
1976,0.7054458242067271
1977,0.0
1978,0.43810489630016486
1979,0.0
1980,0.0
1981,0.0
1982,0.0
1983,0.642223752556104
1984,0.11571264849936579
1985,0.11078064551436667
1986,0.5632134370038135
1987,0.018211382113821138
1988,0.0
1989,0.6049112852680499
1990,0.13885515110692384
1991,0.0
1992,0.0019321540476664627
1993,0.0
1994,0.3760735973350583
1995,0.47626755479146177
1996,0.2137806607598308
1997,0.4275587285224922
1998,0.31071765722362193
1999,0.17638591357350547
2000,0.3979135607812701
2001,0.25426336741895667
2002,0.7126739469063063
2003,0.729477458142639
2004,0.0
2005,0.05720098282479694
2006,0.0
2007,0.0
2008,0.0
2009,0.0
2010,0.0
2011,0.10436213397281249
2012,0.0
2013,0.0
2014,0.13971812615097598
2015,0.0
2016,0.0
2017,0.3844349991267376
2018,0.050296064089167536
2019,0.7403320166451542
2020,0.5280966385512043
2021,0.0
2022,0.3582013735842412
2023,0.04904598183269911
2024,0.0
2025,0.0
2026,0.12213493616624732
2027,0.0
2028,0.10406394563615855
2029,0.75399802665695
2030,0.4492553238474972
2031,0.0
2032,0.38200623588186094
2033,0.8373594718743839
2034,0.0833501389131744
2035,0.0
2036,0.040108024691358025
2037,0.7926796483065359
2038,0.0
2039,0.0
2040,0.016577205224548218
2041,0.8855832393904649
2042,0.734130875764874
2043,0.7593639058054543
2044,0.41528740715130713
2045,0.0
2046,0.0
2047,0.0
2048,0.0
2049,0.25707124009743204
2050,0.419136694027837
2051,0.2992999438832772
2052,0.3284953925044804
2053,0.0
2054,0.7257517246309148
2055,0.1895360404830359
2056,0.0
2057,0.6673130801138515
2058,0.7848630431537728
2059,0.27079464246843427
2060,0.025942529512881948
2061,0.0417940876656473
2062,0.0
2063,0.0
2064,0.0
2065,0.592847660179006
2066,0.1592355237825854
2067,0.2837498683519397
2068,0.0
2069,0.7957963399319719
2070,0.7007706318774404
2071,0.43927089642756023
2072,0.6540341760023869
2073,0.0
2074,0.0
2075,0.0005602240896358543
2076,0.5590387340032084
2077,0.0
2078,0.0
2079,0.0
2080,0.4513396269368881
2081,0.8373594718743839
2082,0.17269792984650872
2083,0.13234945719581365
2084,0.28364948050741307
2085,0.0019321540476664627
2086,0.0033333333333333335
2087,0.0020833333333333333
2088,0.0
2089,0.23309317933361257
2090,0.04408594825434345
2091,0.5307128368056098
2092,0.0
2093,0.0
2094,0.6673130801138515
2095,0.054644786601836845
2096,0.4197840136596387
2097,0.07790404040404039
2098,0.0
2099,0.5383009232848573
2100,0.008187134502923975
2101,0.09181264259399377
2102,0.0
2103,0.12367283043753632
2104,0.10649911705975924
2105,0.0
2106,0.8167241174329509
2107,0.12952408441522742
2108,0.0
2109,0.23490062232091746
2110,0.5102621851447182
2111,0.43430325158588406
2112,0.009687730800431029
2113,0.059375380865326025
2114,0.5207976449854015
2115,0.10266121491966353
2116,0.3421571926650919
2117,0.5308827257738689
2118,0.8111361019768412
2119,0.7837218814517358
2120,0.5914032464689424
2121,0.8322978730712546
2122,0.7310049070097633
2123,0.1605557249201737
2124,0.6742485479382838
2125,0.0
2126,0.09867553365924737
2127,0.0
2128,0.821342824681854
2129,0.0
2130,0.2119785398422676
2131,0.8115290826372229
2132,0.0005602240896358543
2133,0.0
2134,0.3170841044224926
2135,0.0
2136,0.0
2137,0.6372106890148144
2138,0.4275587285224922
2139,0.0
2140,0.711748782172194
2141,0.2741411218770565
2142,0.2725240973331486
2143,0.0
2144,0.1762524227062653
2145,0.4557672754036799
2146,0.13279118683405797
2147,0.2553088292652244
2148,0.2043875152099591
2149,0.043835616438356165
2150,0.42949171279373477
2151,0.6128237346067481
2152,0.0
2153,0.0005602240896358543
2154,0.1594011886219417
2155,0.01242707448314925
2156,0.014814814814814814
2157,0.15458068580967738
2158,0.0005602240896358543
2159,0.0
2160,0.0
2161,0.2730021479871981
2162,0.013430623798333688
2163,0.5222584253194562
2164,0.8414920730875771
2165,0.0
2166,0.36198067098124337
2167,0.3896345500185154
2168,0.2098983311597921
2169,0.797690657175138
2170,0.0
2171,0.18889747818319244
2172,0.0
2173,0.0
2174,0.25118260153041433
2175,0.8662999036709121
2176,0.529904453353924
2177,0.0
2178,0.20259814763455938
2179,0.2741411218770565
2180,0.3931774166967107
2181,0.608985785619457
2182,0.0
2183,0.0
2184,0.0
2185,0.0
2186,0.0
2187,0.24705779849469062
2188,0.0
2189,0.0
2190,0.21525148356519572
2191,0.36090203551898087
2192,0.11573924572561328
2193,0.5914032464689424
2194,0.0
2195,0.801518514849118
2196,0.6492335356783749
2197,0.8460344033773695
2198,0.0
2199,0.00032206119162640903
2200,0.0
2201,0.005850011502185415
2202,0.8188034455929636
2203,0.3684101595803723
2204,0.2341807567757907
2205,0.5307128368056098
2206,0.06740298916769503
2207,0.3696657763200683
2208,0.8373594718743839
2209,0.05759794073329985
2210,0.7558765374076439
2211,0.0
2212,0.9324315002641793
2213,0.23748254260784263
2214,0.029813773985361166
2215,0.2972222962737707
2216,0.7433091750536689
2217,0.7015759831210783
2218,0.4713088433015559
2219,0.38200623588186094
2220,0.6576083174514297
2221,0.0
2222,0.2762359116322946
2223,0.0
2224,0.8322978730712546
2225,0.0
2226,0.0
2227,0.4317563916285717
2228,0.411371040607465
2229,0.0
2230,0.9441650729168544
2231,0.3478184839418178
2232,0.0
2233,0.21590422245696092
2234,0.11133259505352529
2235,0.026923076923076925
2236,0.0
2237,0.4651648450110561
2238,0.0
2239,0.3973843064101332
2240,0.04924713107307892
2241,0.0
2242,0.0
2243,0.0
2244,0.0019321540476664627
2245,0.4143816200121263
2246,0.8844437508971467
2247,0.734130875764874
2248,0.7722736805862834
2249,0.06780370133051902
2250,0.0
2251,0.0
2252,0.7679901692426213
2253,0.0
2254,0.019095388053636735
2255,0.07143939393939394
2256,0.7894410745089712
2257,0.23697753375080619
2258,0.07446188782081359
2259,0.0
2260,0.5009297886785954
2261,0.5568522971754991
2262,0.0
2263,0.8704364084976963
2264,0.6451279851977029
2265,0.0
2266,0.0
2267,0.16462916683108386
2268,0.12432119784347699
2269,0.021158379460401427
2270,0.0
2271,0.5145747113651588
2272,0.0
2273,0.3360561531503531
2274,0.0
2275,0.7034848736032461
2276,0.6564504003375408
2277,0.7749738320601047
2278,0.7847305147442085
2279,0.0
2280,0.0
2281,0.411371040607465
2282,0.0
2283,0.26271440929964546
2284,0.0
2285,0.0
2286,0.10409151745044322
2287,0.7779279837051353
2288,0.4689334967364774
2289,0.37858728032582606
2290,0.0
2291,0.6992544703224863
2292,0.14255307710531592
2293,0.7884283631789877
2294,0.39258326720304365
2295,0.09975747677502063
2296,0.0
2297,0.0
2298,0.0
2299,0.32529929914010186
2300,0.0
2301,0.8071134782779054
2302,0.07324067701279575
2303,0.9158331199571565
2304,0.4062696621900444
2305,0.0
2306,0.0020833333333333333
2307,0.10780303030303032
2308,0.8948440734450982
2309,0.0
2310,0.3396636004687705
2311,0.8460344033773695
2312,0.3471026786574981
2313,0.0
2314,0.0
2315,0.0
2316,0.7967120165663998
2317,0.4651648450110561
2318,0.13797733697162187
2319,0.8843382180282942
2320,0.10110534544483611
2321,0.20050908128655523
2322,0.1056514236410699
2323,0.0
2324,0.056862745098039215
2325,0.21536148450514356
2326,0.06452408441522742
2327,0.6539137655070243
2328,0.04851383422088447
2329,0.0020833333333333333
2330,0.5829541967202481
2331,0.0
2332,0.2741411218770565
2333,0.32385303580574676
2334,0.00784313725490196
2335,0.0020833333333333333
2336,0.19086434391623064
2337,0.0
2338,0.0
2339,0.23033949710420298
2340,0.0
2341,0.0
2342,0.03982128982128982
2343,0.0
2344,0.0005602240896358543
2345,0.0
2346,0.0
2347,0.0
2348,0.6576083174514297
2349,0.0
2350,0.4557672754036799
2351,0.0
2352,0.24289375998795998
2353,0.0
2354,0.13797733697162187
2355,0.3931774166967107
2356,0.0
2357,0.7142325939679879
2358,0.009687730800431029
2359,0.06134992916413682
2360,0.0
2361,0.21167848080220922
2362,0.0
2363,0.0
2364,0.02448979591836735
2365,0.8421005335407024
2366,0.8322978730712546
2367,0.8438792589191063
2368,0.0
2369,0.28364948050741307
2370,0.047295262190897865
2371,0.13797733697162187
2372,0.0
2373,0.0
2374,0.33524019936682337
2375,0.11913163614712244
2376,0.0742982250371413
2377,0.0
2378,0.016299316291197102
2379,0.0
2380,0.0
2381,0.7034848736032461
2382,0.8432444297755626
2383,0.0
2384,0.6085742161174188
2385,0.4066833541637317
2386,0.0
2387,0.1112235807756203
2388,0.15255473338295006
2389,0.7821937354296223
2390,0.0
2391,0.09331159370013183
2392,0.2186732294956734
2393,0.3396636004687705
2394,0.0
2395,0.0012121212121212121
2396,0.411371040607465
2397,0.5570210578866608
2398,0.4195668370330585
2399,0.06821317018809663
2400,0.0
2401,0.6137492404970527
2402,0.0
2403,0.07439651057361515
2404,0.436775606588858
2405,0.0020833333333333333
2406,0.03898475697440322
2407,0.0
2408,0.16381305666647344
2409,0.0
2410,0.5809829534428701
2411,0.08699217917330637
2412,0.06666666666666667
2413,0.3461360851451731
2414,0.04731644331951233
2415,0.0
2416,0.0
2417,0.0
2418,0.32829905769352064
2419,0.0
2420,0.00202020202020202
2421,0.0
2422,0.8028846918935064
2423,0.0
2424,0.0
2425,0.7083238363333766
2426,0.0
2427,0.0
2428,0.0
2429,0.0
2430,0.43817315159972964
2431,0.575354830142269
2432,0.3396636004687705
2433,0.0013719299580306084
2434,0.0
2435,0.0
2436,0.04731644331951233
2437,0.0
2438,0.4693527695216343
2439,0.0
2440,0.22459293077451406
2441,0.6733876126792269
2442,0.0
2443,0.0
2444,0.10266121491966353
2445,0.0
2446,0.8151904708173584
2447,0.6135693177358839
2448,0.0
2449,0.0020833333333333333
2450,0.0
2451,0.0
2452,0.04320844848248663
2453,0.3896345500185154
2454,0.0
2455,0.1635981584893015
2456,0.2186732294956734
2457,0.6992898032644695
2458,0.0
2459,0.0
2460,0.25707124009743204
2461,0.6576083174514297
2462,0.0
2463,0.5809829534428701
2464,0.0
2465,0.023445340501792113
2466,0.0319934952114586
2467,0.0
2468,0.4030917016672089
2469,0.13885515110692384
2470,0.059375380865326025
2471,0.04320844848248663
2472,0.7039837290332281
2473,0.0
2474,0.1363325950535253
2475,0.04851383422088447
2476,0.8076487972177184
2477,0.0
2478,0.01722222222222222
2479,0.0
2480,0.0
2481,0.0
2482,0.015300546448087432
2483,0.0
2484,0.07446188782081359
2485,0.0
2486,0.0
2487,0.720616333307143
2488,0.0
2489,0.7559428839524241
2490,0.0
2491,0.0
2492,0.01722222222222222
2493,0.0
2494,0.45880331897218374
2495,0.0
2496,0.12222222222222222
2497,0.5228308547386338
2498,0.0634362289659761
2499,0.294175837209634
2500,0.0
2501,0.42184761251231784
2502,0.2059314809678927
2503,0.0
2504,0.0
2505,0.0
2506,0.0
2507,0.0
2508,0.8702496702074993
2509,0.7220271973327024
2510,0.22552838728990354
2511,0.15393133516032673
2512,0.0005602240896358543
2513,0.0
2514,0.07446188782081359
2515,0.8269264573969273
2516,0.734130875764874
2517,0.2899303694427966
2518,0.0
2519,0.0
2520,0.7147314493979698
2521,0.04320844848248663
2522,0.0
2523,0.14255307710531592
2524,0.0
2525,0.0
2526,0.0
2527,0.03137254901960784
2528,0.2997596182555021
2529,0.6919672093722331
2530,0.16014565413141787
2531,0.0
2532,0.0
2533,0.0
2534,0.0
2535,0.7054458242067271
2536,0.0
2537,0.0
2538,0.20192614847512996
2539,0.08811727488198076
2540,0.004797979797979798
2541,0.5009297886785954
2542,0.0
2543,0.0039452495974235105
2544,0.24203394403857573
2545,0.0
2546,0.0
2547,0.4713088433015559
2548,0.0
2549,0.0
2550,0.6673130801138515
2551,0.0
2552,0.0
2553,0.0
2554,0.12432119784347699
2555,0.05759794073329985
2556,0.5009297886785954
2557,0.8400128771500136
2558,0.0
2559,0.3471026786574981
2560,0.0012121212121212121
2561,0.04090641757481405
2562,0.20800554565260448
2563,0.8160643631265797
2564,0.1366309856504211
2565,0.7849124179253051
2566,0.22706347943024532
2567,0.08384451080419725
2568,0.0
2569,0.23797431170863342
2570,0.015300546448087432
2571,0.0
2572,0.3896345500185154
2573,0.25707124009743204
2574,0.04502923976608187
2575,0.032144786601836846
2576,0.0
2577,0.0
2578,0.09797985156172473
2579,0.06710647611358099
2580,0.2098983311597921
2581,0.15194368168147973
2582,0.3326526103822441
2583,0.0
2584,0.0
2585,0.0
2586,0.7615259602215418
2587,0.28384451080419726
2588,0.0
2589,0.0
2590,0.0
2591,0.10589505265975856
2592,0.030555555555555555
2593,0.0
2594,0.32169713313798814
2595,0.22974790608866566
2596,0.0005602240896358543
2597,0.0
2598,0.06966592838685862
2599,0.22622606687122815
2600,0.8844437508971467
2601,0.0
2602,0.0
2603,0.12010802469135802
2604,0.0
2605,0.0
2606,0.892211857465789
2607,0.23598140870220907
2608,0.0
2609,0.23169506593201258
2610,0.3170841044224926
2611,0.44030733492851193
2612,0.12473424723424724
2613,0.0
2614,0.28364948050741307
2615,0.0
2616,0.0
2617,0.3471026786574981
2618,0.07920427938479775
2619,0.0852458166259438
2620,0.0
2621,0.0
2622,0.060989955062120016
2623,0.0
2624,0.0
2625,0.659267627840871
2626,0.5829541967202481
2627,0.04253860501899096
2628,0.0
2629,0.3834368753879894
2630,0.12104767381363125
2631,0.30700184143408626
2632,0.0020833333333333333
2633,0.8219305443487283
2634,0.0
2635,0.8322978730712546
2636,0.5294900088032806
2637,0.7981284686759517
2638,0.2567413701409533
2639,0.6261577210678401
2640,0.4591767304749948
2641,0.0019321540476664627
2642,0.37658393483219826
2643,0.05698324022346369
2644,0.0
2645,0.0
2646,0.1080430585784725
2647,0.0
2648,0.652108000609076
2649,0.0
2650,0.24017952946524374
2651,0.2793008784445375
2652,0.0
2653,0.0
2654,0.20753960522234619
2655,0.0
2656,0.1366309856504211
2657,0.40221205815857364
2658,0.0
2659,0.0
2660,0.37737387395267435
2661,0.2318526314673565
2662,0.0
2663,0.0
2664,0.0646465182283914
2665,0.0
2666,0.10083914024224358
2667,0.0
2668,0.5871208633869147
2669,0.0005602240896358543
2670,0.3496280096103645
2671,0.0039452495974235105
2672,0.7186705967636724
2673,0.6671981207022825
2674,0.734130875764874
2675,0.44889380927777467
2676,0.0
2677,0.0
2678,0.4465579498648085
2679,0.0
2680,0.0
2681,0.6135693177358839
2682,0.09331159370013183
2683,0.5481544915734052
2684,0.022610327479424614
2685,0.0
2686,0.6681209360584364
2687,0.4557672754036799
2688,0.01818181818181818
2689,0.11730231783773176
2690,0.3797987303630972
2691,0.0
2692,0.5176078320741118
2693,0.47774906944130285
2694,0.0
2695,0.7926796483065359
2696,0.1112235807756203
2697,0.17269792984650872
2698,0.12219533037331085
2699,0.4691836727917972
2700,0.0
2701,0.0
2702,0.0
2703,0.07446188782081359
2704,0.35757509883655975
2705,0.0
2706,0.0
2707,0.0
2708,0.858369932219882
2709,0.4880082941146515
2710,0.7798640284346806
2711,0.0475990675990676
2712,0.16452081594668944
2713,0.0
2714,0.0
2715,0.35066360217885245
2716,0.6992898032644695
2717,0.5196924550927193
2718,0.3207830489243097
2719,0.0
2720,0.6607049043717718
2721,0.4814365503044489
2722,0.03339882007275441
2723,0.10589505265975856
2724,0.0
2725,0.05880160283291399
2726,0.0
2727,0.0
2728,0.0
2729,0.0
2730,0.7821937354296223
2731,0.0
2732,0.0
2733,0.002207505518763797
2734,0.42184761251231784
2735,0.4047320577841511
2736,0.819641302229207
2737,0.0
2738,0.0
2739,0.8818766172159342
2740,0.3986167610322862
2741,0.23598140870220907
2742,0.0
2743,0.0
2744,0.0
2745,0.47717070954181684
2746,0.1362435588631844
2747,0.2043875152099591
2748,0.009687730800431029
2749,0.4275587285224922
2750,0.0
2751,0.04109589041095891
2752,0.08952408441522741
2753,0.05699821691706859
2754,0.02090268407145907
2755,0.054469054186466775
2756,0.4557672754036799
2757,0.0
2758,0.8927761240284071
2759,0.0
2760,0.2308413937084592
2761,0.0
2762,0.030204039606099582
2763,0.3478184839418178
2764,0.0
2765,0.8877310794468016
2766,0.5235189638421658
2767,0.0
2768,0.23564627504632232
2769,0.8231270291302529
2770,0.0
2771,0.0
2772,0.0
2773,0.6540341760023869
2774,0.6366101780436375
2775,0.0
2776,0.0
2777,0.14096489170380797
2778,0.0
2779,0.06046208434410696
2780,0.05880160283291399
2781,0.0
2782,0.0
2783,0.0
2784,0.886767327598448
2785,0.06141044909966125
2786,0.0
2787,0.11086666672459392
2788,0.799615844150189
2789,0.0
2790,0.0
2791,0.0
2792,0.734130875764874
2793,0.0
2794,0.6967697021003668
2795,0.6532172369978185
2796,0.0019321540476664627
2797,0.294175837209634
2798,0.05918495297805642
2799,0.3896345500185154
2800,0.0
2801,0.048924657931762816
2802,0.0
2803,0.0
2804,0.7735045144023995
2805,0.4030917016672089
2806,0.23127673530486426
2807,0.7018822500674072
2808,0.0005602240896358543
2809,0.0
2810,0.0
2811,0.22459293077451406
2812,0.5193740163280413
2813,0.9360874354491353
2814,0.0
2815,0.0
2816,0.0
2817,0.734130875764874
2818,0.08989039217380808
2819,0.6933188179998221
2820,0.3934197916917684
2821,0.0
2822,0.015300546448087432
2823,0.0
2824,0.22806192118176527
2825,0.056457821540559776
2826,0.06141044909966125
2827,0.8668066887677082
2828,0.44030733492851193
2829,0.5207976449854015
2830,0.0
2831,0.0
2832,0.7937428613514943
2833,0.2730021479871981
2834,0.01242707448314925
2835,0.0
2836,0.8869704340076033
2837,0.8668066887677082
2838,0.3471026786574981
2839,0.2644588905628912
2840,0.729477458142639
2841,0.829172802858198
2842,0.0
2843,0.0
2844,0.0
2845,0.0
2846,0.45880331897218374
2847,0.8484811011900201
2848,0.48265008972181744
2849,0.03616195686451949
2850,0.001374570446735395
2851,0.16198830409356724
2852,0.47110139146910074
2853,0.5056550085294459
2854,0.04851383422088447
2855,0.0
2856,0.0
2857,0.7224965025369355
2858,0.6564052288488379
2859,0.005850011502185415
2860,0.0
2861,0.0
2862,0.8059999064316872
2863,0.7034848736032461
2864,0.2059314809678927
2865,0.4143816200121263
2866,0.0
2867,0.05699821691706859
2868,0.5980052101809413
2869,0.11086666672459392
2870,0.710316878711155
2871,0.8322978730712546
2872,0.0
2873,0.050296064089167536
2874,0.776122147563696
2875,0.7537683070788953
2876,0.43430325158588406
2877,0.07446188782081359
2878,0.3710306839167706
2879,0.0
2880,0.0005602240896358543
2881,0.0
2882,0.0
2883,0.294175837209634
2884,0.4100035342092435
2885,0.15194368168147973
2886,0.31151811195668805
2887,0.19750149810002302
2888,0.0
2889,0.7298003815457134
2890,0.14255307710531592
2891,0.6239317013237319
2892,0.25426336741895667
2893,0.0
2894,0.0
2895,0.2341807567757907
2896,0.0019321540476664627
2897,0.411371040607465
2898,0.2627032585102552
2899,0.24289375998795998
2900,0.08739048693027542
2901,0.0
2902,0.0
2903,0.8341817250576783
2904,0.0
2905,0.0
2906,0.4372578507490193
2907,0.8245969622776868
2908,0.0
2909,0.14255307710531592
2910,0.0005602240896358543
2911,0.6345110098559082
2912,0.7051348086636611
2913,0.040108024691358025
2914,0.009687730800431029
2915,0.0
2916,0.6052348262290259
2917,0.0
2918,0.0
2919,0.23619505395657023
2920,0.0
2921,0.0
2922,0.4597495949184597
2923,0.0039452495974235105
2924,0.0
2925,0.411371040607465
2926,0.47453156193334817
2927,0.0
2928,0.029253549895725314
2929,0.6514784580257891
2930,0.5865871202059422
2931,0.060989955062120016
2932,0.0
2933,0.06452408441522742
2934,0.0
2935,0.8249650689609418
2936,0.04501921501037262
2937,0.0
2938,0.0
2939,0.6859988993035112
2940,0.25426336741895667
2941,0.0
2942,0.0
2943,0.0
2944,0.14836747302378595
2945,0.0
2946,0.0039452495974235105
2947,0.6430477454723947
2948,0.0039452495974235105
2949,0.0
2950,0.3844349991267376
2951,0.08487983685476327
2952,0.734130875764874
2953,0.0
2954,0.8249650689609418
2955,0.0
2956,0.33369275525056497
2957,0.3996810881076661
2958,0.0
2959,0.03982128982128982
2960,0.027534907999478008
2961,0.43348447138251295
2962,0.42843026429416425
2963,0.08102382505513621
2964,0.25025378652778324
2965,0.2997596182555021
2966,0.0
2967,0.0
2968,0.06666666666666667
2969,0.6297732186786903
2970,0.0
2971,0.0
2972,0.0
2973,0.0
2974,0.25707124009743204
2975,0.049332029977191265
2976,0.7505435864477987
2977,0.7405313918801556
2978,0.0
2979,0.411371040607465
2980,0.44447934480420537
2981,0.4317563916285717
2982,0.0
2983,0.34510245335071676
2984,0.008888888888888889
2985,0.24772119462093492
2986,0.3996810881076661
2987,0.7871482098071333
2988,0.7430205867141536
2989,0.0
2990,0.5056550085294459
2991,0.0
2992,0.0
2993,0.6576083174514297
2994,0.2972222962737707
2995,0.6135693177358839
2996,0.0
2997,0.5456396804884422
2998,0.0005602240896358543
2999,0.0
3000,0.7004072021258726
3001,0.25426336741895667
3002,0.0
3003,0.09181264259399377
3004,0.04901960784313726
3005,0.10293470286133528
3006,0.729477458142639
3007,0.07446188782081359
3008,0.009139784946236558
3009,0.0
3010,0.8249650689609418
3011,0.0
3012,0.05526393999766117
3013,0.06666666666666667
3014,0.027410427402308212
3015,0.07324067701279575
3016,0.0
3017,0.058093403956844404
3018,0.7478657056504846
3019,0.11078064551436667
3020,0.06774286826953174
3021,0.08487983685476327
3022,0.4929981236620992
3023,0.42184761251231784
3024,0.35066360217885245
3025,0.5473265912747024
3026,0.8880924230542888
3027,0.0
3028,0.6472694352837726
3029,0.0
3030,0.3170841044224926
3031,0.013686868686868687
3032,0.0
3033,0.0
3034,0.478982822341074
3035,0.75399802665695
3036,0.12432119784347699
3037,0.0060285829307568425
3038,0.0
3039,0.0
3040,0.8417419270521651
3041,0.07446188782081359
3042,0.15883395357079566
3043,0.4980768323523251
3044,0.7764066580258518
3045,0.41162915289061375
3046,0.09131580560151989
3047,0.521166014684067
3048,0.09986253063176138
3049,0.0
3050,0.43909693096083097
3051,0.5009297886785954
3052,0.0
3053,0.0
3054,0.3797987303630972
3055,0.0
3056,0.0
3057,0.0
3058,0.0
3059,0.7449936182606893
3060,0.6274546728478639
3061,0.0
3062,0.0013719299580306084
3063,0.0
3064,0.650289261029623
3065,0.15839604603194637
3066,0.0
3067,0.0
3068,0.8245627603280374
3069,0.0
3070,0.2308413937084592
3071,0.35175642638819776
3072,0.2741411218770565
3073,0.22459293077451406
3074,0.0
3075,0.4197840136596387
3076,0.4355882548635623
3077,0.788462433900233
3078,0.5056550085294459
3079,0.03451508938418653
3080,0.05698324022346369
3081,0.7946585719400175
3082,0.2043875152099591
3083,0.7722736805862834
3084,0.014814814814814814
3085,0.0
3086,0.0
3087,0.0
3088,0.005850011502185415
3089,0.32385303580574676
3090,0.040108024691358025
3091,0.291132709935766
3092,0.0
3093,0.0
3094,0.16677885606457035
3095,0.2741411218770565
3096,0.0
3097,0.0
3098,0.0
3099,0.0
3100,0.060989955062120016
3101,0.25195610468371094
3102,0.09469345051265955
3103,0.0
3104,0.0
3105,0.3967898442334533
3106,0.7170807510726483
3107,0.0
3108,0.3735128627985771
3109,0.0019321540476664627
3110,0.09181264259399377
3111,0.0
3112,0.0
3113,0.7649995993584987
3114,0.19777777777777777
3115,0.0448581560283688
3116,0.32385303580574676
3117,0.23127673530486426
3118,0.06104761160769095
3119,0.9360874354491353
3120,0.0
3121,0.8847943691141099
3122,0.0
3123,0.24303481280594186
